<?xml version="1.0" encoding="UTF-8"?>
<project-private xmlns="http://www.netbeans.org/ns/project-private/1">
    <editor-bookmarks xmlns="http://www.netbeans.org/ns/editor-bookmarks/2" lastBookmarkId="0"/>
    <open-files xmlns="http://www.netbeans.org/ns/projectui-open-files/2">
        <group>
            <file>file:/C:/Users/usuario/Documents/NetBeansProjects/Lab01_RaulLugo_MiguelHiguita_JonathanCastellanos_00(final)/src/PackageLab01/grafico.java</file>
            <file>file:/C:/Users/usuario/Documents/NetBeansProjects/Lab01_RaulLugo_MiguelHiguita_JonathanCastellanos_00(final)/src/PackageLab01/Lab01_GraficaArbo_l00.java</file>
            <file>file:/C:/Users/usuario/Documents/NetBeansProjects/Lab01_RaulLugo_MiguelHiguita_JonathanCastellanos_00(final)/src/PackageLab01/Archivos.java</file>
            <file>file:/C:/Users/usuario/Documents/NetBeansProjects/Lab01_RaulLugo_MiguelHiguita_JonathanCastellanos_00(final)/src/PackageLab01/Bloque.java</file>
            <file>file:/C:/Users/usuario/Documents/NetBeansProjects/Lab01_RaulLugo_MiguelHiguita_JonathanCastellanos_00(final)/src/PackageLab01/Transaccion.java</file>
        </group>
    </open-files>
</project-private>
